,steady1_0,steady1_1,steady1_2,steady1_3,steady1_4,steady1_5,steady1_6,steady1_7,steady1_8,steady1_9,steady1_10,steady1_11,steady1_12,steady1_13,steady1_14,steady1_15,steady1_16,steady1_17,steady1_18,steady1_19,steady1_20,steady1_21,steady1_22,steady1_23,steady1_24,steady1_25,steady1_26,steady1_27,steady1_28,steady1_29,steady1_30,steady1_31,steady1_32,steady1_33,steady1_34,steady1_35,steady1_36,steady1_37,steady1_38,steady1_39,steady1_40,steady1_41,steady1_42,steady1_43,steady1_44,steady1_45,steady1_46,steady1_47,steady1_48,steady1_49,steady1_50,steady1_51,steady1_52,steady1_53,steady1_54,steady1_55,steady1_56,steady1_57,steady1_58,steady1_59,steady1_60,steady1_61,steady1_62,steady1_63,steady1_64,steady1_65,steady1_66,steady1_67,steady1_68,steady1_69,steady1_70,steady1_71,steady1_72,steady1_73,steady1_74,steady1_75,steady1_76,steady1_77,steady1_78,steady1_79,steady1_80,steady1_81,steady1_82,steady1_83,steady1_84,steady1_85,steady1_86,steady1_87,steady1_88,steady1_89,steady1_90,steady1_91,steady1_92,steady1_93,steady1_94,steady1_95,steady1_96,steady1_97,steady1_98,steady1_99,steady1_100,steady1_101,steady1_102,steady1_103,steady1_104,steady1_105,steady1_106,steady1_107,steady1_108,steady1_109,steady1_110,steady1_111,steady1_112,steady1_113,steady1_114,steady1_115,steady1_116,steady1_117,steady1_118,steady1_119,steady1_120,steady1_121,steady1_122,steady1_123,steady1_124,steady1_125,steady1_126,steady1_127,steady1_128,steady1_129,steady1_130,steady1_131,steady1_132,steady1_133,steady1_134,steady1_135,steady1_136,steady1_137,steady1_138,steady1_139,steady1_140,steady1_141,steady1_142,steady1_143,steady1_144,steady1_145,steady1_146,steady1_147,steady1_148,steady1_149,steady1_150,steady1_151,steady1_152,steady1_153,steady1_154,steady1_155,steady1_156,steady1_157,steady1_158,steady1_159,steady1_160,steady1_161,steady1_162,steady1_163,steady1_164,steady1_165,steady1_166,steady1_167,steady1_168,steady1_169,steady1_170,steady1_171,steady1_172,steady1_173,steady1_174,steady1_175,steady1_176,steady1_177,steady1_178,steady1_179,steady1_180,steady1_181,steady1_182,steady1_183,steady1_184,steady1_185,steady1_186,steady1_187,steady1_188,steady1_189,steady1_190,steady1_191,steady1_192,steady1_193,steady1_194,steady1_195,steady1_196,steady1_197,steady1_198,steady1_199,steady1_200,steady1_201,steady1_202,steady1_203,steady1_204,steady1_205,steady1_206,steady1_207,steady1_208,steady1_209,steady1_210,steady1_211,steady1_212,steady1_213,steady1_214,steady1_215,steady1_216,steady1_217,steady1_218,steady1_219,steady1_220,steady1_221,steady1_222,steady1_223,steady1_224,steady1_225,steady1_226,steady1_227,steady1_228,steady1_229,steady1_230,steady1_231,steady1_232,steady1_233,steady1_234,steady1_235,steady1_236,steady1_237,steady1_238,steady1_239,steady1_240,steady1_241,steady1_242,steady1_243,steady1_244,steady1_245,steady1_246,steady1_247,steady1_248,steady1_249,steady1_250,steady1_251,steady1_252,steady1_253,steady1_254,steady1_255,steady1_256,steady1_257,steady1_258,steady1_259,steady1_260,steady1_261,steady1_262,steady1_263,steady1_264,steady1_265,steady1_266,steady1_267,steady1_268,steady1_269,steady1_270,steady1_271,steady1_272,steady1_273,steady1_274,steady1_275,steady1_276,steady1_277,steady1_278,steady1_279,steady1_280,steady1_281,steady1_282,steady1_283,steady1_284,steady1_285,steady1_286,steady1_287,steady1_288,steady1_289,steady1_290,steady1_291,steady1_292,steady1_293,steady1_294,steady1_295,steady1_296,steady1_297,steady1_298,steady1_299,steady1_300,steady1_301,steady1_302,steady1_303,steady1_304,steady1_305,steady1_306,steady1_307,steady1_308,steady1_309,steady1_310,steady1_311,steady1_312,steady1_313,steady1_314,steady1_315,steady1_316,steady1_317,steady1_318,steady1_319,steady1_320,steady1_321,steady1_322,steady1_323,steady1_324,steady1_325,steady1_326,steady1_327,steady1_328,steady1_329,steady1_330,steady1_331,steady1_332,steady1_333,steady1_334,steady1_335,steady1_336,steady1_337,steady1_338,steady1_339,steady1_340,steady1_341,steady1_342,steady1_343,steady1_344,steady1_345,steady1_346,steady1_347,steady1_348,steady1_349,steady1_350,steady1_351,steady1_352,steady1_353,steady1_354,steady1_355,steady1_356,steady1_357,steady1_358,steady1_359,steady1_360,steady1_361,steady1_362,steady1_363,steady1_364,steady1_365,steady1_366,steady1_367,steady1_368,steady1_369,steady1_370,steady1_371,steady1_372,steady1_373,steady1_374,steady1_375,steady1_376,steady1_377,steady1_378,steady1_379,steady1_380,steady1_381,steady1_382,steady1_383,steady1_384,steady1_385,steady1_386,steady1_387,steady1_388,steady1_389,steady1_390,steady1_391,steady1_392,steady1_393,steady1_394,steady1_395,steady1_396,steady1_397,steady1_398,steady1_399,steady1_400,steady1_401,steady1_402,steady1_403,steady1_404,steady1_405,steady1_406,steady1_407,steady1_408,steady1_409,steady1_410,steady1_411,steady1_412,steady1_413,steady1_414,steady1_415,steady1_416,steady1_417,steady1_418,steady1_419,steady1_420,steady1_421,steady1_422,steady1_423,steady1_424,steady1_425,steady1_426,steady1_427,steady1_428,steady1_429,steady1_430,steady1_431,steady1_432,steady1_433,steady1_434,steady1_435,steady1_436,steady1_437,steady1_438,steady1_439,steady1_440,steady1_441,steady1_442,steady1_443,steady1_444,steady1_445,steady1_446,steady1_447,steady1_448,steady1_449,steady1_450,steady1_451,steady1_452,steady1_453,steady1_454,steady1_455,steady1_456,steady1_457,steady1_458,steady1_459,steady1_460,steady1_461,steady1_462,steady1_463,steady1_464,steady1_465,steady1_466,steady1_467,steady1_468,steady1_469,steady1_470,steady1_471,steady1_472,steady1_473,steady1_474,steady1_475,steady1_476,steady1_477,steady1_478,steady1_479,steady1_480,steady1_481,steady1_482,steady1_483,steady1_484,steady1_485,steady1_486,steady1_487,steady1_488,steady1_489,steady1_490,steady1_491,steady1_492,steady1_493,steady1_494,steady1_495,steady1_496,steady1_497,steady1_498,steady1_499,steady1_500,steady1_501,steady1_502,steady1_503,steady1_504,steady1_505,steady1_506,steady1_507,steady1_508,steady1_509,steady1_510,steady1_511,steady1_512,steady1_513,steady1_514,steady1_515,steady1_516,steady1_517,steady1_518,steady1_519,steady1_520,steady1_521,steady1_522,steady1_523,steady1_524,steady1_525,steady1_526,steady1_527,steady1_528,steady1_529,steady1_530,steady1_531,steady1_532,steady1_533,steady1_534,steady1_535,steady1_536,steady1_537,steady1_538,steady1_539,steady1_540,steady1_541,steady1_542,steady1_543,steady1_544,steady1_545,steady1_546,steady1_547,steady1_548,steady1_549,steady1_550,steady1_551,steady1_552,steady1_553,steady1_554,steady1_555,steady1_556,steady1_557,steady1_558,steady1_559,steady1_560,steady1_561,steady1_562,steady1_563,steady1_564
tf,1091,553,18792,655,463,639,449,1990,3511,770,734,458,5494,2029,4136,1041,777,4180,635,762189,983,680,3663,2086,472,1771,1698,6819,654,41366,11654,2096,2823,915,653,1510,1640,429,4161,1153,2327,2168,628,867,664,133,611,938,2040,1548,613,2248,2101,250,1275,1282,1342,2020,1585,340,523,824,582,2354,5856,3967,434,2060,4075,753,5619,3792,965,3108,1421,2330,710,5635,3613,616,642,430,4154,2716,3270,1040,762,601,616,766,373,2277,1951,2553,641,1040,924,739,535,882,1334,1943,1324,1309,912,734,1648,534,1767,958,3837,3342,1931,1378,550,1124,1288,1243,833,447,1299,340,708,347,1817,2204,10710,3059,562,873,578,3634,8705,742,2181,168,77947,2095,1395,22051,11459,3022,655,80487,1067,583,1138,6446,881,3482,1896,2076,668,886,540,513,638,246,790,9792,3877,599,457,3201,1775,668,2321,947,1283,651,434,526,1617,1382,1939,908,2554,1277,2311,280,10249,771,765,511,459,4836,1323,321,134,212,1364,15082,415,1899,1977,179,2041,720,1223,382,704,364,634,567,951,667,555,507,703,544,241,26453,1200,598,1223,2197,2368,1529,946,1104,1031,616,904,1241,720,829,433,1541,563,6510,660,102,285,5292,831,1466,989,363,1238,4621,1703,751,561,747,2018,2425,910,1480,1534,1219,1535,1240,698,1372,1793,26713,438,1632,3421,1089,15098,2645,1020,1243,758,978,329,490,242,586,733,5688,845,1477,2264,522,3102,506,778,1069,8553,1679,935,6925,515,599,17591,740,1426,232,3177,2911,386,821,1599,941,2192,446,410,435,535,277,1044,182,521,1253,4784,1739,1187,289,13905,294,2041,43771,2078,1781,183,804,735,406,521,1922,477,694,176,662,607,10595,1229,1371,752,476,1365,2587,386,2423,494,950,286,7514,1514,2989,503,261,1467,883,307,436,1953,692,3075,885,2266,1457,1842,1330,255,1630,1747,438,329,33032,804,823,7001,496,395,162,1799,382,990,1365,1225,10702,6326,591,516,33026,579,4975,248,973,13183,46223,882,812,474,4062,5758,916,267,2786,577,930,1575,1224,6790,893,524,1281,401,188,881,7043,932,1257,11536,648,1036,528,1966,3850,1023,1698,3229,4628,1329,885,7731,197,2896,536,128,464,324,543,1330,1731,661,1655,2639,1214,314,301,1584,439,357,543,720,1062,349,240,2889,892,849,974,1631,4448,732,791,2156,536,3229,6877,92,967,596,3012,32052,329,939,800,282,1156,748,797,661,37623,336,400,628,623,681,21713,1270,1511,750,348,341,6745,1312,478,812,382,2284,893,807,822,607,421,793,3559,302,189,1509,712,1798,850,17948,879,5749,772,4676,2055,609,806,12683,721,965,271,1447,2642,803,1351,434,1041,733,924,782,2960,1233,168,149,2587,331,2139,1216,490,1149,599,3417,1315,2119,1138,814,397,2324,23647,187,1387,2006,1100,371,894,654,19975,9703,11127,212,1234,1815,858,23107,3591,1993,638,458,842,1387,2689,610,523,1477,659,360
gene1,3,0,18,0,0,0,1,1,1,0,3,0,5,0,0,1,3,0,1,722,0,0,11,1,0,13,2,12,0,4,0,3,0,1,0,0,0,0,2,1,0,4,0,0,0,0,1,5,0,1,0,0,1,0,0,0,1,0,0,0,0,1,0,3,0,3,2,1,1,5,2,5,2,2,0,3,0,2,8,0,0,0,0,0,17,0,0,3,0,0,0,12,0,2,0,0,1,0,0,0,0,0,2,0,0,0,1,1,3,0,0,1,0,0,0,0,0,0,0,0,0,0,1,0,2,2,4,1,0,2,0,1,2,0,0,0,21,1,7,40,4,2,0,74,0,0,0,4,0,2,1,0,1,0,0,0,0,0,1,4,113,1,0,2,0,0,0,1,0,1,0,0,0,0,0,1,4,0,12,2,2,0,0,0,0,0,3,0,0,0,2,8,1,2,2,0,2,0,0,0,0,0,5,0,0,0,1,0,0,0,0,5,0,0,0,0,0,2,0,0,0,0,0,0,0,1,1,5,0,3,0,0,0,0,0,2,0,0,3,4,0,0,0,0,2,35,1,0,4,1,0,1,2,0,0,38,0,24,1,1,32,32,2,3,0,0,1,2,0,2,2,14,0,1,1,0,1,0,0,1,3,2,2,37,2,1,8,0,0,1,5,4,0,1,0,3,5,0,0,0,0,0,2,0,0,2,1,0,1,0,11,0,1,47,2,0,0,1,0,0,0,2,0,0,0,5,0,6,1,1,3,1,0,1,0,0,0,2,0,1,0,0,0,0,1,0,0,2,2,6,1,0,1,2,2,0,0,0,0,0,0,37,0,0,3,1,0,0,1,3,0,1,0,18,6,0,0,1,0,6,0,1,4,17,0,2,1,2,13,0,0,2,0,0,0,0,7,0,1,5,0,0,0,5,4,1,6,0,1,0,0,0,1,4,0,2,0,0,1,0,0,4,0,0,0,1,3,0,2,8,1,1,0,0,11,0,0,0,0,2,0,0,2,1,4,1,0,28,0,1,0,2,12,2,0,0,0,1,108,0,0,8,0,7,3,0,0,88,1,0,0,1,0,45,0,0,0,1,0,1,1,0,0,0,5,3,0,1,1,0,0,9,0,1,0,0,11,0,8,0,0,0,5,2,0,0,14,1,0,0,3,5,0,3,0,0,0,0,0,0,1,0,1,4,0,0,1,0,0,0,0,0,0,0,0,0,5,164,0,2,1,11,0,0,0,94,3,3,0,0,0,1,47,2,3,0,1,0,2,36,0,1,0,0,0
gene2,17,1,131,45,2,1,7,58,5,2,5,15,22,9,43,9,4,9,2,1297,27,1,237,18,18,5,4,16,2,273,25,7,11,2,1,3,33,1,45,4,7,6,1,65,3,19,6,1,8,19,4,20,148,35,3,6,5,35,21,6,21,2,1,6,16,54,45,99,12,1,10,70,8,49,15,8,5,13,80,0,2,0,16,21,9,4,10,13,3,1,9,15,2,190,9,37,37,47,21,2,38,18,5,26,2,10,68,21,30,17,19,327,6,8,16,4,7,2,4,1,2,7,31,2,3,14,33,21,2,8,15,8,28,2,210,0,628,149,1,103,135,20,2,670,13,8,105,38,1,2,39,22,2,6,4,3,21,11,2,1723,92,3,20,9,11,13,5,2,7,1,1,1,5,19,15,4,23,38,4,1,28,54,10,0,120,12,2,0,1,1,133,451,44,8,28,0,774,6,16,35,19,1,5,1,12,1,2,11,3,1,11,1377,4,33,6,16,18,64,10,3,2,1,12,3,59,5,15,10,2,25,2,0,10,6,4,8,3,8,86,14,54,3,3,1,21,13,2,40,8,6,48,14,1,49,77,27,1,5,660,4,15,5,5,3,12,41,0,1,0,1,2,28,3,7,38,8,11,0,17,29,8,4,4,189,3,11,55,6,40,2,12,61,2,42,64,5,105,502,4,2,7,6,3,143,1,6,78,189,5,9,218,4,16,112,9,15,0,3,55,2,11,119,32,1,4,5,1,40,4,4,110,3,11,7,1,41,5,260,2,20,8,11,4,1,1,7,15,2,6,23,313,1,5,99,1,5,8,11,18,3,1,533,1,4,83,1,14,0,5,2,2,52,5,50,242,5,24,106,1,17,6,16,25,120,11,5,1,12,184,63,0,11,3,3,12,3,20,190,77,12,1,0,12,85,3,2,3819,27,4,5,75,8,11,6,6,929,24,3,14,0,15,2,19,2,13,4,17,16,1,48,8,93,1,1,22,2,14,8,32,17,58,3,8,35,11,3,72,34,40,112,18,2,6,11,4,127,1,34,1345,12,21,6,1,1,2,6,1533,1685,2,1,8,4,16,215,7,44,4,5,2,236,20,2,4,3,156,4,17,6,4,1,5,83,6,1,5,24,28,1,41,6,22,1,118,8,4,206,134,2,663,4,5,14,1,11,1,3,3,1,12,30,4,2,5,23,3,6,2,2,1995,7,2,106,16,3,21,18,19,690,35,66,6,7,1,30,4,165,101,395,20,10,41,19,345,33,8,8,1,4,3,8,2,1,8,15,4
gene3,7,0,85,3,2,0,10,1,3,33,0,1,36,5,3,1,0,60,3,1472,6,4,10,0,1,0,0,0,2,9,1,0,0,0,0,0,0,0,3,1,0,12,0,0,29,0,0,2,2,0,0,0,55,0,1,6,0,6,0,0,4,0,0,4,27,5,0,2,0,3,0,0,3,2,6,4,2,4,1,1,0,0,1,12,35,0,0,0,3,21,0,45,1,3,0,0,0,0,4,11,0,0,2,0,0,0,0,2,1,6,0,2,27,2,0,8,1,7,7,4,2,0,2,5,47,0,1,8,0,4,3,7,3,2,0,0,6,0,3,55,19,7,2,38,6,2,0,12,1,4,7,2,14,0,3,0,2,0,0,34,4,0,0,7,15,0,66,0,2,0,1,5,2,0,14,0,2,42,3,3,11,1,0,9,1,16,0,0,4,9,1,60,3,3,3,0,141,1,5,0,1,0,2,1,0,5,0,4,0,0,1,41,10,9,0,9,5,0,7,4,2,9,0,17,0,3,0,1,2,12,9,0,7,3,3,4,0,0,10,15,0,12,0,0,0,1,6,17,1,1,4,4,0,0,15,76,0,0,6,4,4,2,0,0,0,0,29,2,0,1,9,28,4,0,0,1,35,1,5,0,9,24,5,8,0,0,1616,0,5,3,2,2,0,4,9,5,0,6,0,22,4,0,2,0,0,0,43,11,6,4,62,0,18,997,0,13,8,0,0,0,1,0,1,0,1,1,1,234,0,20,2,4,35,9,3,1,0,0,0,4,6,1,0,7,10,0,0,0,5,0,12,2,95,120,0,0,0,0,5,12,0,189,2,1,0,2,3,0,0,0,3,4,5,13,13,0,0,7,0,287,1,67,24,172,0,6,30,21,6,0,1,5,0,1,3,1,9,0,12,5,2,1,8,2,5,34,10,0,25,3,2,13,1,2,2,9,1,0,10,1,1,3,1,3,0,1,0,0,12,0,0,2,0,0,1,3,2,5,13,111,0,0,29,1,0,2,7,0,0,0,0,16,1,15,0,4,0,42,30,1,1,1,14,0,44,0,0,146,2,0,25,16,0,18,4,15,1,0,0,1,0,0,1,2,24,1,1,0,28,2,0,11,3,1,0,0,6,12,0,0,1,0,2,1,3,2,386,0,15,4,4,7,8,1,8,1,0,0,139,27,30,0,0,12,0,0,2,0,0,7,0,1,2,1,6,1,2,0,0,0,11,5,0,7,0,320,74,939,0,0,0,4,16,3,14,0,27,0,0,36,0,0,0,0,1
gene4,0,0,0,0,0,0,0,0,0,0,0,0,0,0,0,0,0,0,0,0,0,0,0,0,0,0,0,0,0,0,0,0,0,0,0,0,0,0,0,0,0,0,0,0,0,0,0,0,0,0,0,0,0,0,0,0,0,0,0,0,0,0,0,0,0,0,0,0,0,0,0,0,0,0,0,0,0,0,0,0,0,0,0,0,0,0,0,0,0,0,0,0,0,0,0,0,0,0,0,0,0,0,0,0,0,0,0,0,0,0,0,0,0,0,0,0,0,0,0,0,0,0,0,0,0,0,0,0,0,0,0,0,0,0,0,0,0,0,0,0,0,0,0,0,0,0,0,0,0,0,0,0,0,0,0,0,0,0,0,0,0,0,0,0,0,0,0,0,0,0,0,0,0,0,0,0,0,0,0,0,0,0,0,0,0,0,0,0,0,0,0,0,0,0,0,0,0,0,0,0,0,0,0,0,0,0,0,0,0,0,0,0,0,0,0,0,0,0,0,0,0,0,0,0,0,0,0,0,0,0,0,0,0,0,0,0,0,0,0,0,0,0,0,0,0,0,0,0,0,0,0,0,0,0,0,0,0,0,0,0,0,0,0,0,0,0,0,0,0,0,0,0,0,0,0,0,0,0,0,0,0,0,0,0,0,0,0,0,0,0,0,0,0,0,0,0,0,0,0,0,0,0,0,0,0,0,0,0,0,0,0,0,0,0,0,0,0,0,0,0,0,0,0,0,0,0,0,0,0,0,0,0,0,0,0,0,0,0,0,0,0,0,0,0,0,0,0,0,0,0,0,0,0,0,0,0,0,0,0,0,0,0,0,0,0,0,0,0,0,0,0,0,0,0,0,0,0,0,0,0,0,0,0,0,0,0,0,0,0,0,0,0,0,0,0,0,0,0,0,0,0,0,0,0,0,0,0,0,0,0,0,0,0,0,0,0,0,0,0,0,0,0,0,0,0,0,0,0,0,0,0,0,0,0,0,0,0,0,0,0,0,0,0,0,0,0,0,0,0,0,0,0,0,0,0,0,0,0,0,0,0,0,0,0,0,0,0,0,0,0,0,0,0,0,0,0,0,0,0,0,0,0,0,0,0,0,0,0,0,0,0,0,0,0,0,0,0,0,0,0,0,0,0,0,0,0,0,0,0,0,0,0,0,0,0,0,0,0,0,0,0,0,0,0,0,0,0,0,0,0,0,0,0,0,0,0,0,0,0,0,0,0,0,0,0,0,0,0,0,0,0,0,0,0,0,0,0,0,0,0,0,0,0,0,0
gene5,1,0,12,1,0,1,0,8,4,5,2,0,68,0,3,1,1,7,0,959,0,0,4,12,0,3,1,0,1,32,11,1,4,1,0,1,5,1,17,1,0,2,4,2,0,0,2,11,1,1,0,9,6,0,0,0,3,5,0,0,2,0,0,5,2,6,0,1,30,2,6,17,0,1,3,0,1,3,3,1,0,0,1,3,2,7,0,0,1,0,0,1,0,1,0,0,4,1,0,0,6,2,3,1,0,0,0,0,7,0,5,26,2,1,0,0,2,3,0,0,1,0,0,0,0,3,0,1,21,8,0,1,0,2,0,0,26,1,0,143,11,4,0,337,1,0,0,11,0,2,3,5,3,0,0,0,2,2,2,7,0,2,1,5,5,0,3,0,0,0,0,1,3,0,0,1,0,2,3,0,40,0,2,0,1,10,0,0,0,0,2,30,1,0,1,0,3,0,1,0,1,1,0,1,0,0,2,0,0,0,0,35,0,0,0,1,2,0,1,0,3,1,1,1,0,0,2,0,0,15,0,0,0,22,0,0,0,0,0,8,4,4,3,5,1,2,0,0,7,0,16,0,16,10,9,19,0,4,2,2,7,17,2,2,0,2,0,0,0,1,0,6,3,4,4,0,0,1,1,1,33,5,10,8,0,3,6,0,1,0,0,10,0,0,0,2,1,0,0,0,0,0,4,0,3,0,73,13,7,0,17,0,2,76,2,4,0,0,2,0,1,6,0,0,0,0,0,10,4,4,0,0,3,0,0,1,0,0,0,14,0,2,0,0,0,3,1,1,1,0,22,4,1,1,1,5,0,0,3,0,0,9,0,0,5,0,0,0,0,1,0,0,0,15,29,0,1,18,0,58,2,0,26,109,0,6,0,1,108,1,2,1,1,3,1,2,12,2,0,0,0,0,0,5,0,2,16,2,2,0,1,2,0,1,13,2,2,0,0,1,7,1,0,1,0,0,0,0,4,1,3,0,3,0,4,0,0,0,0,2,0,16,0,0,1,0,1,15,0,0,4,1,1,26,0,0,0,6,86,2,5,3,2,1,1,0,1,57,0,1,2,1,1,51,0,1,2,0,0,3,1,1,0,0,0,4,0,0,2,0,2,10,1,0,2,0,3,4,10,3,4,0,1,8,1,2,38,0,0,0,13,0,0,7,0,1,2,1,3,1,8,0,1,1,0,0,10,0,0,0,1,7,1,3,1,1,14,4,0,5,2,1,0,1,0,23,10,34,0,2,0,0,9,4,11,0,1,1,6,0,0,0,0,0,0
gene6,0,0,3,0,0,0,0,0,0,0,0,0,0,0,0,0,0,0,0,48,0,0,2,0,0,0,0,1,0,11,1,0,0,0,0,0,0,0,1,0,0,0,0,0,0,0,0,0,0,0,0,0,0,0,1,0,0,0,0,0,0,0,0,0,1,1,0,0,1,0,0,0,0,0,0,0,0,3,0,0,0,0,0,0,0,0,0,0,0,0,0,0,0,0,0,0,0,0,0,0,0,0,0,0,0,0,0,0,0,0,0,1,0,0,0,0,0,0,0,0,0,0,0,0,0,0,1,0,0,0,0,0,0,0,0,0,16,0,0,2,1,0,0,11,0,0,0,2,0,0,0,0,0,0,0,0,0,0,0,0,2,0,0,1,0,0,0,0,0,0,0,0,0,0,0,0,0,1,0,0,0,0,0,0,0,0,0,0,0,0,0,2,0,0,0,0,0,0,0,0,0,0,0,0,0,0,0,0,0,0,0,1,0,0,0,0,0,0,0,0,0,0,0,0,0,0,0,0,0,0,0,0,0,0,0,0,0,0,0,0,0,0,0,0,0,0,0,0,0,0,0,0,0,0,0,4,0,0,0,0,1,0,0,0,0,0,0,0,0,0,0,1,0,0,0,0,0,0,0,0,0,0,0,0,0,0,0,0,0,0,0,0,0,0,0,0,1,0,0,0,0,0,0,0,0,0,0,0,0,0,0,0,0,6,0,0,0,0,0,0,0,0,0,0,0,0,0,0,0,0,0,0,0,1,0,0,0,0,0,1,0,0,0,0,0,0,0,0,0,0,0,0,0,0,0,0,0,0,0,0,0,0,0,0,0,0,0,0,0,0,0,0,0,6,2,0,0,5,0,0,0,0,2,6,0,0,0,0,2,0,0,0,0,0,0,0,0,0,0,0,0,0,0,1,0,0,3,0,0,0,0,1,0,1,0,0,0,0,1,0,0,0,0,0,0,0,0,0,0,0,0,0,0,0,0,0,0,0,0,0,0,0,0,0,0,0,0,0,0,0,1,0,2,0,0,0,0,0,1,0,0,0,0,0,0,0,0,7,0,0,0,0,0,3,0,0,0,0,0,1,0,0,0,0,0,0,0,0,0,0,0,1,0,0,1,0,0,0,3,0,0,0,0,0,0,0,4,0,0,0,0,1,0,0,0,0,0,0,0,0,0,0,0,0,0,0,0,0,0,0,0,0,0,0,0,0,0,6,0,1,0,0,0,0,0,2,4,2,0,0,0,0,3,0,0,0,0,0,0,0,0,0,0,0,0
gene7,5,0,18,1,25,140,2,6,0,8,4,1,689,1,24,3,13,0,38,2330,30,1,621,55,80,4,19,259,26,53,825,6,42,40,0,8,2,30,128,1,14,34,6,5,6,18,42,34,4,0,21,40,26,4,16,6,9,3,3,134,3,5,4,2,1904,318,2,11,483,4,229,2848,1,35,14,3192,30,7,232,8,17,4,134,41,100,9,33,42,0,198,23,0,3,5,17,4,63,10,1,1,0,93,163,2,32,2,55,2,41,10,153,88,13,20,13,652,15,1,1,6,63,47,6,77,50,5,375,157,8,32,17,63,1452,0,79,1,1048,4,0,6273,35,99,1,164,1,27,0,6,3,3538,123,33,4,1,4,3,37,3,2,186,55,116,11,122,174,2,75,1,1,34,63,2,3,11,105,6,1267,7,48,1,127,8,2,0,2,1,1,9,1,0,157,225,1,5,9,11,220,0,2,9,14,62,86,65,4,18,19,4,33,106,27,344,7,5,1,16,26,94,2,2,34,5,1,0,6,49,9,2,43,3,17,6,66,63,3,1,3,8,8,341,56,6,42,116,22,32,54,3,181,2,38,1750,16,47,31,9,1,7,2,35,628,152,20,1,9,48,5,13,2,3,6,0,7,124,30,22,53,25,23,13,219,21,14,13,8,22,1341,9,0,40,577,23,2,0,22,0,49,14,0,10,6,64,0,1,1,54,5,529,0,11,349,54,4,31804,3,161,19,99,10,2,37,36,82,81,7,0,56,43,22,2,0,0,2,1,1,0,12,12,1,0,23,13,26,2,130,445,4,9,10,1,24,17,10,8,71,0,45,176,28,33,117,780,3,1,205,4,31,30,5,26,31,1,3,13,11,5,6,209,9,4,6,24,49,62,117,2,17,17,36,91,1,40,18,114,19,74,89,0,2,75,61,3,5,67,35,6,5,12,4,2,12,6,22,2,354,152,44,4,14,0,243,180,8,8,0,11,14,22,1,9,112,3,5,23,106,2,4,16,1,7,0,1,20,0,13,50,28,61,22,134,12,27,143,5,0,16,16,3,399,2,39,2,52,161,6,52,3,201,6,200,599,5,10,157,34,30,3,3,4,18,17,2,12,2,11,20,7,37,60,3,13,515,9,7,21,45,16,10,210,2,164,7,80,37,12,30,60,8,198,12,445,9,16,193,0,5,1,1,0,60,13,2,3,5,5,43,8,6,4,4,0,70,104,2,82,11,7,360,16,7,42,5,1,5,6,2066,366,121,1,2,79,0,449,137,169,2,0,7,16,113,1,102,67,21,69
gene8,6,67,1522,0,1,19,0,12,15,0,3,5,319,5,28,1,40,16,0,9969,0,38,0,0,9,6,101,5,28,38,32,0,11,9,3,15,7,1,0,7,103,5,19,8,12,0,1,1,1,19,51,4,7,1,0,15,7,1,3,0,0,1,0,10,18,10,2,0,12,0,15,77,16,11,8,15,1,3,119,0,125,0,0,0,9,3,0,5,21,0,0,1,47,15,1,1,2,1,58,3,0,1,1,5,1,30,0,14,1,2,40,3,3,5,0,23,6,1,3,0,2,25,0,3,14,1,3,12,22,5,0,1,5,0,150,7,343,1,0,45,0,13,0,895,1,0,18,5,0,23,4,1,13,0,9,25,0,0,2,0,429,0,147,39,1,2,11,7,0,1,1,1,9,2,2,0,90,0,27,12,32,3,0,5,1,28,1,3,5,0,4,92,0,1,9,1,6,1,53,1,0,11,1,28,0,4,16,8,3,5,18,72,0,8,3,3,0,4,3,0,7,3,5,7,113,0,0,0,13,1,2,6,3,1,3,1,1,2,1,14,1,8,0,5,24,2,1,6,1,0,9,1,6,0,0,129,2,0,12,0,4,2,1,1,3,7,3,0,6,0,5,31,7,5,87,0,13,1,0,104,507,1,4,78,0,0,140,68,19,0,14,32,4,11,26,4,10,0,0,3,0,1,1,4,2,2,0,2,1,2,14,0,0,164,0,10,1,4,44,40,0,8,0,14,129,0,0,56,3,1,0,6,2,0,11,33,0,26,1,273,8,3,3,0,2,0,0,2,11,2,2,1,1,4,0,1,1,1,76,0,0,30,0,15,0,8,0,0,6,3,0,0,4,4,0,6,0,6802,7,21,0,0,5,3850,2,8,0,62,4,81,0,3,3,0,0,0,2,8,0,5,4,0,1,10,16,5,8,0,1,1,1,99,5,0,6,2,0,3,12,36,46,0,2,1,1,0,7,0,26,4,7,516,0,201,14,0,13,0,5,15,0,0,0,9,14,5,0,1,0,0,1,8,2,3,2,0,0,0,58,0,0,1,3,3,0,4,0,67,0,2,10,0,12,261,1,2,0,6,0,13,27,11,0,17,14,1,1,0,29,8,26,4,0,14,2,0,4,0,29,28,27,3,5,0,0,0,0,35,0,2,0,0,0,2,6,29,1,14,12,121,1,2,0,2,0,9,0,2,5,0,6,1,2,1,0,9,115,28,6,1,0,130,0,1,0,4,32,14,2,186,44,17,44,0,0,1,11,25,1,2,25,0,33,0,0
gene9,1,0,15,0,0,2,0,1,1,0,0,0,1,0,2,0,0,6,0,462,1,1,6,0,0,0,2,6,0,17,12,0,0,0,0,15,6,0,9,4,0,2,0,0,0,0,2,2,3,0,0,7,1,0,1,0,1,1,1,2,0,1,0,0,12,5,0,0,2,0,1,20,1,1,0,2,1,3,13,0,0,3,5,1,1,0,0,1,1,1,0,0,1,3,0,0,1,0,3,1,2,0,0,0,0,0,1,0,6,0,1,19,0,0,7,5,2,0,0,0,0,0,0,0,0,1,1,4,1,6,0,5,7,1,0,0,28,1,1,24,1,0,0,91,0,0,5,38,0,1,2,0,4,1,5,0,0,0,0,16,2,1,0,1,4,0,2,0,1,1,0,1,1,2,0,0,4,2,1,4,3,0,0,0,0,8,0,1,4,1,0,15,1,1,0,0,2,3,3,0,1,4,0,0,0,0,0,0,0,0,0,5,1,0,1,8,0,2,0,0,0,0,2,0,1,0,0,1,0,2,0,0,0,0,0,3,1,1,2,11,2,2,0,0,4,2,3,2,0,0,8,6,0,0,5,5,0,3,1,2,2,0,0,1,0,1,0,0,0,1,0,2,1,0,0,5,1,0,8,0,8,1,0,24,0,1,37,0,0,0,8,2,0,0,0,0,16,0,0,1,0,0,0,0,1,0,6,5,0,0,17,0,1,32,7,2,0,0,0,7,0,0,0,0,0,2,0,4,1,10,0,3,1,0,0,6,5,0,0,14,1,2,0,0,1,1,0,1,0,1,1,0,0,1,3,6,1,1,1,2,1,41,1,0,1,0,0,0,1,1,2,5,7,3,8,0,1,12,1,26,0,0,37,268,0,0,1,2,2,2,0,0,0,2,0,0,1,1,0,0,2,0,0,1,1,4,17,0,2,0,0,4,0,0,6,4,0,0,7,2,1,0,0,0,0,0,0,1,0,0,1,3,0,0,1,0,1,1,2,0,1,0,1,0,0,1,24,6,0,0,0,0,4,9,0,0,3,1,25,0,0,0,0,1,7,1,0,27,0,0,0,0,0,81,2,1,0,3,0,2,0,1,1,0,1,0,1,4,1,0,2,5,0,0,0,0,0,3,3,0,2,0,0,2,2,1,13,3,1,0,0,1,0,3,0,0,1,1,2,3,1,0,0,4,0,0,2,1,1,0,1,1,4,0,5,0,1,50,0,0,6,0,0,1,0,123,37,7,1,1,1,0,29,0,6,4,0,0,0,1,0,2,2,0,0
gene10,1,4,113,0,8,0,0,0,15,2,0,0,27,0,12,6,35,4,0,16689,0,7,7,4,0,7,1,0,2,5,0,6,8,10,10,5,7,7,6,0,1,1,1,12,1,4,24,0,1,2,0,14,74,0,0,3,4,3,20,0,3,5,0,48,8,13,13,2,3,1,92,5,1,3,3,6,0,13,1,3,3,1,16,2,144,7,6,1,1,1,1,3,2,115,3,0,3,8,2,23,3,1,29,0,0,0,0,1,29,40,1,5,8,22,3,2,29,12,0,1,0,2,9,0,2,5,21,5,1,1,0,46,43,0,8,4,101,1,0,22,23,11,1,418,2,0,23,6,4,0,7,0,41,2,2,0,13,0,9,8,20,12,2,196,17,4,14,26,1,0,4,1,39,43,18,2,0,8,10,0,0,3,1,1,0,16,13,0,1,0,6,8,0,1,30,5,3,9,3,3,7,0,1,11,0,0,19,2,5,4,0,418,1,4,12,14,17,36,10,6,2,1,0,1,74,3,28,13,0,8,6,0,12,5,5,25,3,1,1,36,8,0,0,2,2,12,3,2,8,2,1,59,33,7,1,45,1,126,69,18,32,1,8,51,4,3,0,0,0,8,4,6,8,13,2,2,39,0,12,0,1,5,15,106,3,7,68,5,11,0,2,0,2,2,2,4,0,2,0,0,10,1,0,36,2,8,15,11,6,0,31,1,10,26,2,19,1,2,0,2,0,11,0,1,0,3,8,126,1,26,3,0,0,1,0,9,0,3,5,31,1,0,0,4,13,51,0,2,2,0,3,4,3,37,1,4,6,19,7,0,0,59,7,0,0,1,0,0,15,0,5,1,1,20,14,0,1,38,3,0,2,3,41,69,4,1,0,1,82,14,0,10,0,1,14,14,198,4,0,1,2,1,4,6,2,10,16,1,0,4,0,2,0,5,12,159,0,8,16,0,2,1,1,0,2,5,2,10,3,8,3,8,6,0,19,3,1,18,13,18,0,11,4,0,0,9,3,6,17,2,3,0,55,15,1,1,4,9,2,4,0,0,1,5,3,5,3,1685,0,0,3,1,10,27,119,13,0,1,1,11,0,3,2,1,0,0,15,1,0,2,1,17,0,0,1,0,3,69,520,4,0,4,24,2,3,2,85,0,6,0,34,2,7,7,2,0,5,4,0,4,0,5,0,7,23,0,2,2,0,28,5,1,8,0,1,0,1,68,3,5,4,13,0,72,4,117,37,169,3,8,22,3,225,9,2,2,1,2,5,9,0,2,3,19,0
